Workbook

Sheet Offer Overview
A1: AI SDLC — Oferta wdrożenia
A3: Executive Summary
A4: Bottega proponuje kompleksowe wdrożenie inżynierii oprogramowania wspomaganej sztuczną inteligencją (AI SDLC) w dwóch obszarach biznesowych: Bankowość Centralna oraz Capital Markets, wraz z opcjonalną technologiczną restrukturyzacją wybranych modułów. Oferta obejmuje budowę baz wiedzy i dokumentacji zoptymalizowanej pod AI, konfigurację narzędzi i instrukcji dla analityków, developerów i reviewerów, wdrożenie automatyzacji CI/CD oraz security gates, a także szkolenia i transfer know-how. Łączna wartość inwestycji: =SUM(E11,E19,E27,E35,E43,E51) PLN netto.
A6: Podejście i fazy wdrożenia
A7: Nasze podejście to stopniowa ewolucja, a nie rewolucja. Integrujemy AI tam, gdzie przynosi wymierny zwrot z inwestycji i odciąża inżynierów od powtarzalnych zadań, unikając pułapek związanych z bezpieczeństwem, halucynacjami modeli i obniżeniem jakości kodu.
A8: Faza 1 — Audit i strategia | B8: Analiza procesu wytwórczego, stosu technologicznego i kultury inżynierskiej. Identyfikacja obszarów o najwyższym potencjale zwrotu. Wynik: roadmapa wdrożenia.
A9: Faza 2 — Proof of Value | B9: Pilotaż na wybranym zespole lub module. Praca własna Bottega (przygotowanie narzędzi, dokumentacji) + pair programming online (transfer know-how). Wynik: działające rozwiązanie + udowodniona wartość przed skalowaniem.
A10: Faza 3 — Skalowanie kompetencji | B10: Rozszerzenie praktyk na całą organizację. Przekazanie licencji z bezterminowym prawem do użytku. Szkolenia dla analityków, PM i developerów.
A12: Zakres wdrożenia
A13: TOTAL.01 — Bankowość Centralna — AI SDLC | B13: Pełen zestaw praktyk AI SDLC: skonsolidowanie dokumentacji funkcji systemu (IK.1), mapowanie funkcjonalności na kod i architekturę (IK.2), dokumentacja frontendu i backendu dla AI (IK.4, IK.5), instrukcje AI do analizy regulatorów KNF/UE (EK.1), narzędzia dla analityków i developerów (TL.1–TL.5). Efekt: wspólny język z AI, szybsza analiza impaktu, eliminacja błędów z nieaktualnej dokumentacji. | E13: ='Central Banking'!H282
A14: TOTAL.02 — Capital Markets — AI SDLC | B14: Analogiczny zakres jak TOTAL.01, dostosowany do specyfiki Capital Markets (regulator GPW). Większy wymiar pracy własnej Bottega by odciążyć zespół klienta. | E14: ='Capital Markets'!H281
A15: TOTAL.03 — Capital Markets — Refaktoryzacja | B15: Standaryzacja CI/CD (Jenkinsfile, shared library), migracja Ant→Maven/Gradle, automatyzacja deploy QA, ujednolicenie artefaktów, iOS build/release (Fastlane), security gates (Fortify, Dependency-Track), plan migracji z wyceną etapową. | E15: ='Refactor Capital Markets'!H143
A16: TOTAL.04 — Pakiet szkoleń | B16: Szkolenie AI SDLC dla analityków i PM (2 dni) oraz dla developerów (3 dni). Bazuje na realnych zadaniach i kodzie projektów. | E16: =SUM(Podsumowanie!E31:E34)
A17: TOTAL.05 — Gwarancja 1 rok / Bufor | B17: Pakiet dodatkowych godzin na bieżące wsparcie, korekty i niespodziewane wyzwania po wdrożeniu. | E17: =SUM(Podsumowanie!E39:E42)
A18: TOTAL.06 — Narzędzia i licencje | B18: Przekazanie licencji na narzędzia AI SDLC z bezterminowymi prawami do wewnętrznego użytku i własnego rozwoju. | E18: =Narzędzia!G86
A19: Łączna wartość | E19: =SUM(Podsumowanie!E11,Podsumowanie!E19,Podsumowanie!E27,Podsumowanie!E35,Podsumowanie!E43,Podsumowanie!E51)
A21: Efekty biznesowe
A22: Przyspieszenie Time-to-Market | B22: Automatyzacja powtarzalnych zadań skraca czas dostarczania funkcjonalności. AI przejmuje żmudne czynności, inżynierowie skupiają się na pracy twórczej. → TOTAL.01, TOTAL.02, TOTAL.03
A23: Redukcja długu technicznego | B23: Systematyczna poprawa jakości kodu i architektury przez AI Review (bugs, architektura, complexicity, zgodność ze specyfikacją). → TOTAL.03, TOTAL.01, TOTAL.02
A24: Retencja wiedzy projektowej | B24: AI jako "kustosz wiedzy" — skonsolidowana dokumentacja, baza wiedzy mapująca funkcjonalność na kod. Szybsze wdrażanie nowych pracowników, minimalizacja ryzyka utraty wiedzy przy rotacji. → TOTAL.01, TOTAL.02, TOTAL.06
A25: Skalowanie kompetencji | B25: Ujednolicenie standardów pracy. Dzięki narzędziom i instrukcjom AI każdy inżynier pracuje według tych samych wzorców. → TOTAL.04, TOTAL.01, TOTAL.02
A26: Bezpieczeństwo danych | B26: Pełna kontrola nad kodem źródłowym i dokumentacją. Gating bezpieczeństwa w pipeline. Opcje: Cloud Native, Private Cloud (VPC) lub On-Premise (Air-Gapped). → TOTAL.03, TOTAL.06
A28: Model dostawy
A29: Forma współpracy | B29: Opis | C29: Kiedy stosujemy
A30: Praca własna Bottega | B30: Eksperci Bottega realizują zadania samodzielnie, bez angażowania zespołu klienta | C30: Budowa narzędzi, dokumentacji, instrukcji
A31: Pair programming online | B31: Wspólna praca eksperta Bottega z inżynierem klienta w parach, przekazująca know-how w czasie rzeczywistym | C31: Transfer kompetencji: context engineering, refactoring, pipeline
A32: Review po stronie klienta | B32: Klient weryfikuje efekty prac Bottega, otrzymuje feedback i możliwość korekty | C32: Każda dostarczona pozycja przed zamknięciem
A33: Środowiska docelowe
B34: Cloud Native (Enterprise API) — dla firm akceptujących przetwarzanie w chmurze z umowami BAA, stawiających na najwyższą inteligencję modeli
B35: Private Cloud (VPC) — dla organizacji wymagających zgodności z regulacjami korporacyjnymi, posiadających infrastrukturę w chmurze publicznej
B36: On-Premise (Air-Gapped) — dla banków i sektora publicznego o najwyższym rygorze tajności; obejmuje dobór hardware'u, konfigurację i support
A38: Ryzyka i mitigacje
A39: Ryzyko | B39: Mitigacja
A40: Halucynacje modeli AI — AI generuje nieprawdziwe lub niepoprawne informacje | B40: Context engineering — budowa precyzyjnego kontekstu dla LLM; instrukcje AI wymuszające weryfikację faktów; rola człowieka w pętli (human-in-the-loop)
A41: Obniżenie jakości kodu — AI generuje kod niezgodny ze standardami | B41: AI Review w pipeline (bugs, architektura, complexicity, zgodność ze specyfikacją); gating security (Fortify, Dependency-Track); code review przez doświadczonych inżynierów
A42: Wyciek danych / kodu źródłowego — wrażliwy kod trafia do publicznych modeli AI | B42: Możliwość deploymentu On-Premise (Air-Gapped); Private Cloud (VPC); polityka danych i instrukcje AI wymuszające lokalne przetwarzanie
A43: Odrzucenie przez zespół — inżynierowie nie chcą pracować z AI | B43: Stopniowe wprowadzanie (ewolucja, nie rewolucja); pokazanie wartości na pilocie; szkolenia i mentoring; odciążenie od powtarzalnych zadań
A44: Ponoszenie zbędnych kosztów — niewłaściwe użycie AI przez nieprzeszkolony personel | B44: Harness engineering — znacząco podnosi jakość przy wykorzystaniu mniejszych modeli; oszczędności dzięki wycinaniu zbędnego outputu i logów; szkolenia z efektywnego korzystania z AI (TOTAL.04)
A45: Uzależnienie od dostawcy (vendor lock-in) | B45: Przekazanie narzędzi i licencji na własność; bezterminowe prawa do wewnętrznego użytku i rozwoju; transfer know-how przez pair programming; dokumentacja i instrukcje pozostają w organizacji
A47: Dlaczego Bottega
A48: • Doświadczenie w bankowości konsumenckiej i inwestycyjnej — projekty transformacyjne w sektorze finansowym; znajomość regulacji KNF, GPW i UE
A49: • 15 lat doświadczenia w szkoleniach i doradztwie dla zespołów deweloperskich
A50: • 78 aktywnych trenerów o modelu kompetencji Π (Pi) — silny filar techniczny oraz umiejętności miękkie, talent edukacyjny, myślenie strategiczne
A51: • Ponad 12 000 przeszkolonych uczestników, 150 dni szkoleń rocznie
A52: • 43 klientów z branż: finansowa, medyczna, ubezpieczeniowa, energetyczna, zbrojeniowa, e-commerce
A53: • Eksperci: Sławomir Sobótka, Jakub Nabrdalik, Łukasz Szydło, Mariusz Gil
A54: Wybrani klienci: Intel Polska • Orange Polska • Roche Polska • Asseco Polska • Tomtom Polska • Capgemini • Comarch • Luxoft • Motorola • PZU • Tieto • Atos

Sheet Podsumowanie
A1: Podsumowanie
A4: Kod | B4: Obszar | C4: Tytul / opis | D4: Pozycja kosztowa | E4: Cena netto [PLN] | F4: Typ do podsumowania | G4: Opis oferty
A5: TOTAL.01 | B5: Bankowość | C5: Wdrożenie AI SDLC z przekazaniem Know-How dla BU Bankowość | G5: TOTAL.01 — Bankowość Centralna: AI SDLC + Know-How Pełen zestaw praktyk AI SDLC: skonsolidowanie dokumentacji funkcji systemu (IK.1), mapowanie funkcjonalności na kod i architekturę (IK.2), dokumentacja frontendu i backendu zoptymalizowana pod AI (IK.4, IK.5), instrukcje AI do analizy regulatorów KNF/UE (EK.1) oraz narzędzia i instrukcje dla analityków i developerów (TL.1–TL.5).
C6: Wdrożenie AI SDLC w formie pair programming (online) z przekazaniem knowhow dotyczącym wdrażania AI SDLC. | D6: Opis
D7: Przekazanie knowhow | E7: ='Central Banking'!H284 | F7: knowhow
D8: Wykonanie AI SDLC | E8: ='Central Banking'!H285 | F8: AI SDLC
D11: Suma | E11: ='Central Banking'!H282
A13: TOTAL.02 | B13: Capital Markets | C13: Wdrożenie AI SDLC z przekazaniem Know-How dla BU Capital Markets | G13: TOTAL.02 — Capital Markets: AI SDLC + Know-How Analogiczny zakres jak dla Bankowości Centralnej, dostosowany do specyfiki BU Capital Markets (w tym regulator GPW). Większy wymiar pracy własnej Bottega by odciążyć zespół klienta.
C14: Wdrożenie AI SDLC w formie: - praca własna po stronie Bottega by ograniczyć prace po - pair programming (online) by przekazać knowhow dotyczącym wdrażania AI SDLC | D14: Opis
D15: Przekazanie knowhow | E15: ='Capital Markets'!H283 | F15: knowhow
D16: Wykonanie AI SDLC | E16: ='Capital Markets'!H284 | F16: AI SDLC
D19: Suma | E19: ='Capital Markets'!H281
A21: TOTAL.03 | B21: Capital Markets | C21: Technologiczna restrykturyzacja | G21: TOTAL.03 — Capital Markets: Technologiczna restrukturyzacja Standaryzacja CI/CD na Jenkinsfile (REF.1), migracja builda Ant→Maven/Gradle (REF.2), automatyzacja deploy QA (REF.3), ujednolicenie artefaktów (REF.4), iOS build/release przez Fastlane (REF.5), Fortify/Dependency-Track z gatingiem (REF.6), plan migracji z wyceną etapową (REF.RE.1).
C22: Wprowadzenie technologicznych zmian w projekt w formie: - pracy własnej po stronie Bottega - oraz pair programming (online) w ramach potrzeb i dostępności. | D22: Opis
D23: Przekazanie narzedzi | E23: ='Refactor Capital Markets'!H144 | F23: narzedzia
D24: Przekazanie knowhow | E24: ='Refactor Capital Markets'!H145 | F24: knowhow
D25: Wykonanie prac | E25: ='Refactor Capital Markets'!H146 | F25: refactor
D27: Suma | E27: ='Refactor Capital Markets'!H143
A29: TOTAL.04 | C29: Pakiet szkoleń | G29: TOTAL.04 — Pakiet szkoleń Szkolenia dla szerszego grona pracowników: AI SDLC dla analityków i PM (2 dni) oraz dla developerów (3 dni). Bazują na realnych zadaniach i kodzie projektów.
C30: Szkolenia dla szerszego grona pracowników, jak efektywnie pracować z AI SDLC wdrożonym do projektów. Szkolenia mogą bazować na realnych zadaniach i kodzie projektów, jeśli będzie to dopuszczalne. | D30: Opis
D31: Szkolenie AI SDLC dla analityków i PM 2dni | E31: 10000 | F31: szkolenia
D32: Szkolenie AI SDLC dla developerów 3dni | E32: 15000 | F32: szkolenia
D35: Suma | E35: =SUM(E31:E34)
A37: TOTAL.05 | C37: Gwarancja 1 rok / bufor dodatkowych godzin | G37: TOTAL.05 — Gwarancja 1 rok / Bufor Pakiet dodatkowych godzin na bieżące wsparcie, korekty i niespodziewane wyzwania po wdrożeniu.
C38: Pakiet dodatkowych godzin prac zarówno nad AI SDLC jak i technologiczną restrukturyzacją. | D38: Opis
D39: Bufor i Gwarancja | E39: 25000 | F39: inne
D43: Suma | E43: =SUM(E39:E42)
A45: TOTAL.06 | C45: Przekazanie narzędzi AI SDLC i licencji | G45: TOTAL.06 — Przekazanie narzędzi i licencji Licencje na narzędzia AI SDLC z bezterminowymi prawami do wewnętrznego użytku i własnego rozwoju.
C46: Przekazanie licencji na narzędzia dla AI SDLC, bezterminowe prawa do wewnętrznego użycia i własnego rozwoju. | D46: Przekazanie Rekomendacji | E46: =Narzędzia!H89 | F46: knowhow
D47: Przekazanie narzedzi | E47: =Narzędzia!H88 | F47: narzedzia
D51: Suma | E51: =Narzędzia!G86
D56: Całkowita Suma | E56: =SUM(E11,E19,E27,E35,E43,E51)

Sheet Central Banking
A1: AI SDLC z przekazaniem Know-How
A2: BU: | B2: Bankowść Centralna
A4: Kod | B4: Obszar | C4: Tytul / opis | D4: Pozycja kosztowa | F4: Typ do podsumowania | G4: Cena netto [PLN] | H4: Suma | I4: Value proposition
A7: IK.1 | B7: IK (Internal Knowledge) | C7: IK.1 - Skonsolidowana dokumentacja funkcji systemu (aktualnych wersji) dla AI | D7: Sekcja | I7: Analityk: pewność że AI rozumie aktualny stan systemu. Developer: AI i agenci wiedzą co jest już zaimplementowane. Reviewer: kontekst do oceny impaktu. QA: pełny kontekst systemu.
C8: Analiza: Analitycy zyskują pewność, że AI rozumie aktualny stan systemu i impakt na istniejącą funkcjonalność. Skraca to czas weryfikacji pomysłów i redukuje błędy wynikające z nieaktualnej wiedzy. Development: Developerzy i agenci wiedzą co jest już zaimplementowane i AI pomoże im to odszukać. Review: Reviewerzy mają kontekst do oceny czy zmiana nie koliduje z istniejącą funkcjonalnością, jaki jest impakt przed implementacją, czy implementacja została zrealizowana. Testing: QA rozumie pełny kontekst systemu i wie co należy przetestować po zmianach proponowanych w analizie. | D8: Opis
D9: Przekazanie knowhow | F9: knowhow | G9: 2500
D10: Wykonanie skonsolidowanej dokumentacji funkcji systemu (jednej wersji) dla AI | F10: AI SDLC | G10: 7500
D11: Review prac po stronie | F11: AI SDLC | G11: 500
D12: Suma IK.1 | H12: =SUM(G9:G11)
A14: IK.2 | B14: IK (Internal Knowledge) | C14: IK.2 - Baza wiedzy mapująca funkcjonalność na kod / architekturę (funkcjonalność -> UI -> Beans -> baza danych) | D14: Sekcja | I14: Analityk: AI wskazuje miejsca zmian po opisie. Developer: wie dokładnie gdzie zmieniać kod. Reviewer: ocenia pełen impact. QA: wie co testować.
C15: Analiza: Po napisaniu opisu zmian AI wskazuje potencjalne miejsca zmian w kodzie i dokumentacji, a analityk robi finalną walidację. Automatyczne mapowanie nazewnictwa PL (analiza) vs EN (kod) ogranicza błędy wynikające z dwóch języków. Development: Developerzy wiedzą dokładnie gdzie i jak zmieniać kod. Review: Reviewerzy mogą ocenić pełen impact zmiany na kod i architekturę. Testing: Testerzy wiedzą co musi być przetestowane po zmianie. | D15: Opis
D16: Przekazanie knowhow | F16: knowhow | G16: 2500
D17: Wykonanie bazy wiedzy mapującej funkcjonalność na kod i architekturę | F17: AI SDLC | G17: 3750
D18: Review prac po stronie | F18: AI SDLC | G18: 500
D19: Suma IK.2 | H19: =SUM(G16:G18)
A21: IK.3 | B21: IK (Internal Knowledge) | C21: IK.3 - Heurystyczne szacowanie pracochłonności (w oparciu o wartości eksperckie) | D21: Sekcja | I21: Liderzy: estymaty oparte na wartościach eksperckich.
C22: opcja A. (zalecana) szacowanie z wartościami eksperckimi opcja B. (odradzamy) liczenie metryk na bazie kodu/jira jeśli nie istnieją Analiza: Porównujemy artefakty analityczne z realnym stanem systemu, by estymować postęp i złożoność zmian. Liderzy projektu zyskują estymaty oparte na wartościach eksperckich. | D22: Opis
D23: Przekazanie knowhow | F23: knowhow | G23: 0
D24: Przygotowanie heurystycznego szacowania pracochłonności | F24: AI SDLC | G24: 700
D25: Review prac po stronie | F25: AI SDLC | G25: 0
D26: Suma IK.3 | H26: =SUM(G23:G25)
A28: IK.4 | B28: IK (Internal Knowledge) | C28: IK.4 - Skonsolidowana dokumentacja architektury frontendu optymalna dla AI | D28: Sekcja | I28: Analityk: szybsza ocena impaktu na frontend. Developer: AI generuje kod zgodny z architekturą. Reviewer: zgodność z zasadami. QA: spójne testy UI.
C29: Analiza: Ocena impakty zmian na frontendzie. Development: AI generuje kod zgodny z lokalną architekturą i wzorcami. AI i developerzy mają jasne wzorce jak pisać frontend - formularze, tabelki, nazewnictwo, elementy common. Dodatkowe instrukcja uświadamiające AI odnośnie hacków primefaces. Review: Reviewerzy sprawdzają zgodność z zasadami architektonicznymi frontendu. Testing: UI testy e2e są spójne i zgodne z wzorcami. | D29: Opis
D30: Przekazanie knowhow | F30: knowhow | G30: 1250
D31: Wykonanie skonsolidowanej dokumentacji architektury frontendu dla AI | F31: AI SDLC | G31: 1250
D32: Review prac po stronie | F32: AI SDLC | G32: 1250
D33: Suma IK.4 | H33: =SUM(G30:G32)
A35: IK.5 | B35: IK (Internal Knowledge) | C35: IK.5 - Skonsolidowana dokumentacja architektury backendu optymalna dla AI | D35: Sekcja | I35: Analityk: szybsza ocena impaktu na backend. Developer: AI generuje kod zgodny z wzorcami backendu. Reviewer: zgodność architektoniczna. QA: testy zgodne ze wzorcami.
C36: Analiza: Ocena impakty zmian na backendzie. Development: AI generuje kod zgodny z lokalną architekturą i wzorcami. AI i developerzy mają jasne wzorce jak pisać backend - Beana, encje, procedury składowane i exception handling. Review: Reviewerzy sprawdzają zgodność z zasadami architektonicznymi backendu. Testing: Testy backendowe są spójne z przyjętymi wzorcami. AI rozumie strukturę i może pisać testy jednostkowe i integracyjne zgodne z wzorcami. | D36: Opis
D37: Przekazanie knowhow | F37: knowhow | G37: 1250
D38: Wykonanie skonsolidowanej dokumentacji architektury backendu dla AI | F38: AI SDLC | G38: 1250
D39: Review prac po stronie | F39: AI SDLC | G39: 1250
D40: Suma IK.5 | H40: =SUM(G37:G39)
A42: IK.7 | B42: IK (Internal Knowledge) | C42: IK.7 - Implementacja obecnie brakujących scenariuszy e2e (pracochłonne dla wszystkich) | D42: Sekcja | I42: Analityk: brakujące scenariusze z AI. Developer: scenariusze z danymi. Reviewer: sprawdza pokrycie. QA: gotowe e2e.
C43: Analiza: Analitycy przygotowują z AI brakujące scenariusze na bazie obecnego systemu i dokumentacji - obecnie testy są głównie manualne i słabo sformalizowane. Development: Developerzy wiedzą co dokładnie ma być zaimplementowane - dostają scenariusze z przykładowymi danymi. Review: Reviewerzy sprawdzają czy implementacja pokrywa wszystkie scenariusze. Testing: QA ma gotowe scenariusze e2e w pseudokodzie, które można automatycznie wykonywać. Usprawniamy pozyskiwanie danych testowych i deterministyczny reset scenariuszy. | D43: Opis
D44: Przekazanie knowhow | F44: knowhow | G44: 0
D45: Przygotowanie i wdrożenie brakujących scenariuszy e2e | F45: AI SDLC | G45: 0
D46: Review prac po stronie | F46: AI SDLC | G46: 0
D47: Suma IK.7 | G47: NIE DOSTĘPNE | H47: =SUM(G44:G46)
A49: EK.1 | B49: EK (External Knowledge) | C49: EK.1 - Instrukcje AI dla pracy ze źródłami regulatorów: KNF / UE | D49: Sekcja | I49: Analityk: AI rozbudowuje wymagania regulacyjne, generuje pytania doprecyzowujące, weryfikuje analizę vs źródła.
C50: Analitycy używają AI do rozbudowywania wstępnych wymagań (w tym KNF/UE) i generowania pytań doprecyzowujących przed warsztatami z klientem. AI sprawdza analizę vs źródłami regulatorów - przyspiesza pracę, ale nie zwalnia analityka z odpowiedzialności. | D50: Opis
D51: Przekazanie knowhow | F51: knowhow | G51: 1250
D52: Przygotowanie instrukcji AI do pracy ze źródłami regulatorów KNF i UE | F52: AI SDLC | G52: 1250
D53: Review prac po stronie | F53: AI SDLC | G53: 300
D54: Suma EK.1 | H54: =SUM(G51:G53)
A56: TL.1 | B56: Analiza | C56: TL.1 - Przygotowanie narzędzi dla AI dedykowanych dla Analityków (UI z dostępem do baz wiedzy i tooli, podobnie jak dla developerów) | D56: Sekcja | I56: Analityk: dedykowane środowisko AI do analizy i review dokumentów.
C57: Analitycy zyskują dedykowane środowisko pracy z AI, które wspiera ich na wejściu procesu - rozbudowuje wstępne wymagania, generuje pytania doprecyzowujące przed warsztatami z klientem. Wsparcie przy przeglądzie Review dokumentów analitycznych. Impakt na kod. | D57: Opis
D58: Przekazanie knowhow | F58: knowhow | G58: 1250
D59: Dostosowanie narzędzi AI dedykowanych analitykom | F59: AI SDLC | G59: 1250
D60: Review prac po stronie | F60: AI SDLC | G60: 0
D61: Suma TL.1 | H61: =SUM(G58:G60)
A63: TL.2 | B63: Analiza | C63: TL.2 - Instrukcje AI do Review Analizy (Gap analysis / Spike Analysis, brakujące elementy, zasady jakościowe, definition of ready) | D63: Sekcja
C64: Wspieramy przeglądy dokumentów analitycznych: niespójności, braki, pominięty impact i różnice między wersjami. AI przygotowuje draft historyjek Jira i kryteriów akceptacji do zatwierdzenia przez BA/PO. | D64: Opis
D65: Przekazanie knowhow | F65: knowhow | G65: 1250
D66: Dostosowanie instrukcji AI do review analizy | F66: AI SDLC | G66: 1250
D67: Review prac po stronie | F67: AI SDLC | G67: 300
D68: Suma TL.2 | H68: =SUM(G65:G67)
A70: TL.2.1 | B70: Analiza | C70: TL.2.1 - Instrukcje AI do Review Analizy vs. źródłami regulatorów: KNF / UE (przyśpiesza, nie zwalnia analityka z odpowiedzialności) | D70: Sekcja
C71: AI automatycznie weryfikuje analizę pod kątem zgodności z regulacjami KNF/UE, przyspieszając pracę analityka, który zachowuje pełną odpowiedzialność za decyzje. | D71: Opis
D72: Przekazanie knowhow | F72: knowhow | G72: 1250
D73: Przygotowanie instrukcji AI do review analizy względem źródeł regulatorów KNF i UE | F73: AI SDLC | G73: 1250
D74: Review prac po stronie | F74: AI SDLC | G74: 0
D75: Suma TL.2.1 | H75: =SUM(G72:G74)
A77: TL.3 | B77: Analiza | C77: TL.3 - Instrukcje AI do generowania wstępnych diagramów BPMN / UML (edytowalnych, bez integracji z Enterprise Architect) | D77: Sekcja
C78: Po napisaniu opisu zmian AI generuje wstępne diagramy BPMN/UML, które analityk może edytować lub iterować z AI. Skraca to czas tworzenia dokumentacji procesowej. | D78: Opis
D79: Przekazanie knowhow | F79: knowhow | G79: 500
D80: Dostosowanie instrukcji AI do generowania wstępnych diagramów BPMN i UML | F80: AI SDLC | G80: 900
D81: Review prac po stronie | F81: AI SDLC | G81: 0
D82: Suma TL.3 | H82: =SUM(G79:G81)
A84: TL.4 | B84: Analiza | C84: TL.4 - Instrukcje/narzędzia dla AI do generowania wstępnego (low fidelity) UI / UX. (bez integracji z Enterprise Architect) | D84: Sekcja
C85: AI generuje wstępny (low fidelity) UI/UX na podstawie opisu zmian, co pozwala szybko zwizualizować proponowane rozwiązanie przed rozpoczęciem implementacji. | D85: Opis
D86: Przekazanie knowhow | F86: knowhow | G86: 500
D87: Dostosowanie instrukcji i narzędzi AI do generowania wstępnego UI i UX | F87: AI SDLC | G87: 400
D88: Review prac po stronie | F88: AI SDLC | G88: 0
D89: Suma TL.4 | H89: =SUM(G86:G88)
A91: TL.5 | B91: Analiza | C91: TL.5 - Instrukcja dla AI proponowania scenariuszy w oparciu o analizę (ui, validacje, reguły, przykłady danych) (forma dla człowieka) | D91: Sekcja
C92: AI proponuje scenariusze testowe czytelne dla człowieka na podstawie analizy - UI, validacje, reguły, przykłady danych. Analitycy otrzymują gotowy draft do akceptacji przed przekazaniem do testów. | D92: Opis
D93: Przekazanie knowhow | F93: knowhow | G93: 500
D94: Dostosowanie instrukcji AI do proponowania scenariuszy na podstawie analizy | F94: AI SDLC | G94: 300
D95: Review prac po stronie | F95: AI SDLC | G95: 225
D96: Suma TL.5 | H96: =SUM(G93:G95)
A99: TL.29 | B99: Analiza | C99: TL.29 - Integracja z Enterprise Architect (XMI export lub baza sqlserver lub Sparx Pro Cloud Service) | D99: Sekcja
C100: Eksportujemy EA do formy przyjaznej AI (markdown + obrazy + indeks), aby wiedza dziedzinowa była wyszukiwalna. Raport impactu na zawartość Enterprise Architect. | D100: Opis
D101: Przekazanie knowhow | F101: knowhow | G101: 900
D102: Integracja z Enterprise Architect | F102: AI SDLC | G102: 1250
D103: Review prac po stronie | F103: AI SDLC | G103: 0
D104: Suma TL.29 | H104: =SUM(G101:G103)
A106: TL.30 | B106: Analiza | C106: TL.30 - Sformułowanie zmian w Projekcie (dokumentacja analityczna) w speckę dla AI | D106: Sekcja
C107: Dokumentacja analityczna jest automatycznie przekształcana w specyfikację dla AI, która rozumie kontekst biznesowy i może generować kod zgodny z intencją. | D107: Opis
D108: Przekazanie knowhow | F108: knowhow | G108: 1250
D109: Przekształcenie dokumentacji analitycznej w specyfikację dla AI | F109: AI SDLC | G109: 2000
D110: Review prac po stronie | F110: AI SDLC | G110: 500
D111: Suma TL.30 | H111: =SUM(G108:G110)
A113: TL.6 [Development] | B113: Development | C113: TL.6 [Development] - Reverse Engineering mapowania funkcjonalność na kod / architekturę (funkcjonalność -> UI -> Beans -> baza danych) | D113: Sekcja
C114: AI mapuje funkcjonalność na kod i architekturę (UI → Beans → baza danych), pozwalając developerom szybko zrozumieć, gdzie dokonać zmian i jakie będą tego konsekwencje. | D114: Opis
D115: Przekazanie knowhow | F115: knowhow | G115: 800
D116: Wykonanie reverse engineering mapowania funkcjonalności na kod i architekturę | F116: AI SDLC | G116: 1800
D117: Review prac po stronie | F117: AI SDLC | G117: 600
D118: Suma TL.6 [Development] | H118: =SUM(G115:G117)
A120: TL.9 | B120: Development | C120: TL.9 - Integracja AI z bazą oracle (readonly), analiza modelu, odpytywanie o przykładowe dane (dowolne dopuszczone środowisko np: testowe) | D120: Sekcja
...

Sheet Capital Markets
A1: AI SDLC z przekazaniem Know-How
A2: BU: | B2: Capital Markets
A4: Kod | B4: Obszar | C4: Tytul / opis | D4: Pozycja kosztowa | F4: Typ do podsumowania | G4: Cena netto [PLN] | H4: Suma | I4: Value proposition
A6: IK.1 | B6: IK (Internal Knowledge) | C6: IK.1 - Skonsolidowana dokumentacja funkcji systemu (aktualnych wersji) dla AI | D6: Sekcja | I6: Analityk: pewność że AI rozumie aktualny stan systemu. Developer: AI i agenci wiedzą co jest już zaimplementowane. Reviewer: kontekst do oceny impaktu. QA: pełny kontekst systemu.
C7: Analiza: Analitycy zyskują pewność, że AI rozumie aktualny stan systemu i impakt na istniejącą funkcjonalność. Skraca to czas weryfikacji pomysłów i redukuje błędy wynikające z nieaktualnej wiedzy. Development: Developerzy i agenci wiedzą co jest już zaimplementowane i AI pomoże im to odszukać. Review: Reviewerzy mają kontekst do oceny czy zmiana nie koliduje z istniejącą funkcjonalnością, jaki jest impakt przed implementacją, czy implementacja została zrealizowana. Testing: QA rozumie pełny kontekst systemu i wie co należy przetestować po zmianach proponowanych w analizie. | D7: Opis
D8: Przekazanie knowhow | F8: knowhow | G8: 1250
D9: Wykonanie skonsolidowanej dokumentacji funkcji systemu (jednej wersji) dla AI | F9: AI SDLC | G9: 7500
D10: Review prac po stronie | F10: AI SDLC | G10: 500
D11: Suma IK.1 | H11: =SUM(G8:G10)
A13: IK.2 | B13: IK (Internal Knowledge) | C13: IK.2 - Baza wiedzy mapująca funkcjonalność na kod / architekturę (funkcjonalność -> UI -> Beans -> baza danych) | D13: Sekcja | I13: Analityk: AI wskazuje miejsca zmian po opisie. Developer: wie dokładnie gdzie zmieniać kod. Reviewer: ocenia pełen impact. QA: wie co testować.
C14: Analiza: Po napisaniu opisu zmian AI wskazuje potencjalne miejsca zmian w kodzie i dokumentacji, a analityk robi finalną walidację. Automatyczne mapowanie nazewnictwa PL (analiza) vs EN (kod) ogranicza błędy wynikające z dwóch języków. Development: Developerzy wiedzą dokładnie gdzie i jak zmieniać kod. Review: Reviewerzy mogą ocenić pełen impact zmiany na kod i architekturę. Testing: Testerzy wiedzą co musi być przetestowane po zmianie. | D14: Opis
D15: Przekazanie knowhow | F15: knowhow | G15: 1250
D16: Wykonanie bazy wiedzy mapującej funkcjonalność na kod i architekturę | F16: AI SDLC | G16: 3750
D17: Review prac po stronie | F17: AI SDLC | G17: 500
D18: Suma IK.2 | H18: =SUM(G15:G17)
A20: IK.3 | B20: IK (Internal Knowledge) | C20: IK.3 - Heurystyczne szacowanie pracochłonności (w oparciu o wartości eksperckie) | D20: Sekcja | I20: Liderzy: estymaty oparte na wartościach eksperckich.
C21: opcja A. (zalecana) szacowanie z wartościami eksperckimi opcja B. (odradzamy) liczenie metryk na bazie kodu/jira jeśli nie istnieją Analiza: Porównujemy artefakty analityczne z realnym stanem systemu, by estymować postęp i złożoność zmian. Liderzy projektu zyskują estymaty oparte na wartościach eksperckich. | D21: Opis
D22: Przekazanie knowhow | F22: knowhow | G22: 0
D23: Przygotowanie heurystycznego szacowania pracochłonności | F23: AI SDLC | G23: 0
D24: Review prac po stronie | F24: AI SDLC | G24: 0
D25: Suma IK.3 | H25: =SUM(G22:G24)
A27: IK.4 | B27: IK (Internal Knowledge) | C27: IK.4 - Skonsolidowana dokumentacja architektury frontendu optymalna dla AI | D27: Sekcja | I27: Analityk: szybsza ocena impaktu na frontend. Developer: AI generuje kod zgodny z architekturą. Reviewer: zgodność z zasadami. QA: spójne testy UI.
C28: Analiza: Ocena impakty zmian na frontendzie. Development: AI generuje kod zgodny z lokalną architekturą i wzorcami. AI i developerzy mają jasne wzorce jak pisać frontend - formularze, tabelki, nazewnictwo, elementy common. Dodatkowe instrukcja uświadamiające AI odnośnie hacków primefaces. Review: Reviewerzy sprawdzają zgodność z zasadami architektonicznymi frontendu. Testing: UI testy e2e są spójne i zgodne z wzorcami. | D28: Opis
D29: Przekazanie knowhow | F29: knowhow | G29: 1250
D30: Wykonanie skonsolidowanej dokumentacji architektury frontendu dla AI | F30: AI SDLC | G30: 1250
D31: Review prac po stronie | F31: AI SDLC | G31: 1250
D32: Suma IK.4 | H32: =SUM(G29:G31)
A34: IK.5 | B34: IK (Internal Knowledge) | C34: IK.5 - Skonsolidowana dokumentacja architektury backendu optymalna dla AI | D34: Sekcja | I34: Analityk: szybsza ocena impaktu na backend. Developer: AI generuje kod zgodny z wzorcami backendu. Reviewer: zgodność architektoniczna. QA: testy zgodne ze wzorcami.
C35: Analiza: Ocena impakty zmian na backendzie. Development: AI generuje kod zgodny z lokalną architekturą i wzorcami. AI i developerzy mają jasne wzorce jak pisać backend - Beana, encje, procedury składowane i exception handling. Review: Reviewerzy sprawdzają zgodność z zasadami architektonicznymi backendu. Testing: Testy backendowe są spójne z przyjętymi wzorcami. AI rozumie strukturę i może pisać testy jednostkowe i integracyjne zgodne z wzorcami. | D35: Opis
D36: Przekazanie knowhow | F36: knowhow | G36: 1250
D37: Wykonanie skonsolidowanej dokumentacji architektury backendu dla AI | F37: AI SDLC | G37: 1250
D38: Review prac po stronie | F38: AI SDLC | G38: 1250
D39: Suma IK.5 | H39: =SUM(G36:G38)
A41: IK.7 | B41: IK (Internal Knowledge) | C41: IK.7 - Implementacja obecnie brakujących scenariuszy e2e (pracochłonne dla wszystkich) | D41: Sekcja | I41: Analityk: brakujące scenariusze z AI. Developer: scenariusze z danymi. Reviewer: sprawdza pokrycie. QA: gotowe e2e.
C42: Analiza: Analitycy przygotowują z AI brakujące scenariusze na bazie obecnego systemu i dokumentacji - obecnie testy są głównie manualne i słabo sformalizowane. Development: Developerzy wiedzą co dokładnie ma być zaimplementowane - dostają scenariusze z przykładowymi danymi. Review: Reviewerzy sprawdzają czy implementacja pokrywa wszystkie scenariusze. Testing: QA ma gotowe scenariusze e2e w pseudokodzie, które można automatycznie wykonywać. Usprawniamy pozyskiwanie danych testowych i deterministyczny reset scenariuszy. | D42: Opis
D43: Przekazanie knowhow | F43: knowhow | G43: 0
D44: Przygotowanie i wdrożenie brakujących scenariuszy e2e | F44: AI SDLC | G44: 0
D45: Review prac po stronie | F45: AI SDLC | G45: 0
D46: Suma IK.7 | G46: NIE DOSTĘPNE | H46: =SUM(G43:G45)
A48: EK.1 | B48: EK (External Knowledge) | C48: EK.1 - Instrukcje AI dla pracy ze źródłami regulatorów: KNF / GPW | D48: Sekcja | I48: Analityk: AI rozbudowuje wymagania regulacyjne KNF/GPW, generuje pytania, weryfikuje analizę.
C49: Analitycy używają AI do rozbudowywania wstępnych wymagań (w tym KNF / GPW) i generowania pytań doprecyzowujących przed warsztatami z klientem. AI sprawdza analizę vs źródłami regulatorów - przyspiesza pracę, ale nie zwalnia analityka z odpowiedzialności. | D49: Opis
D50: Przekazanie knowhow | F50: knowhow | G50: 1250
D51: Przygotowanie instrukcji AI do pracy ze źródłami regulatorów KNF i UE | F51: AI SDLC | G51: 1250
D52: Review prac po stronie | F52: AI SDLC | G52: 300
D53: Suma EK.1 | H53: =SUM(G50:G52)
A55: TL.1 | B55: Analiza | C55: TL.1 - Przygotowanie narzędzi dla AI dedykowanych dla Analityków (UI z dostępem do baz wiedzy i tooli, podobnie jak dla developerów) | D55: Sekcja | I55: Analityk: dedykowane środowisko AI do analizy i review dokumentów.
C56: Analitycy zyskują dedykowane środowisko pracy z AI, które wspiera ich na wejściu procesu - rozbudowuje wstępne wymagania, generuje pytania doprecyzowujące przed warsztatami z klientem. Wsparcie przy przeglądzie Review dokumentów analitycznych. Impakt na kod. | D56: Opis
D57: Przekazanie knowhow | F57: knowhow | G57: 1250
D58: Dostosowanie narzędzi AI dedykowanych analitykom | F58: AI SDLC | G58: 1250
D59: Review prac po stronie | F59: AI SDLC | G59: 0
D60: Suma TL.1 | H60: =SUM(G57:G59)
A62: TL.2 | B62: Analiza | C62: TL.2 - Instrukcje AI do Review Analizy (Gap analysis / Spike Analysis, brakujące elementy, zasady jakościowe, definition of ready) | D62: Sekcja
C63: Wspieramy przeglądy dokumentów analitycznych: niespójności, braki, pominięty impact i różnice między wersjami. AI przygotowuje draft historyjek Jira i kryteriów akceptacji do zatwierdzenia przez BA/PO. | D63: Opis
D64: Przekazanie knowhow | F64: knowhow | G64: 1250
D65: Dostosowanie instrukcji AI do review analizy | F65: AI SDLC | G65: 1250
D66: Review prac po stronie | F66: AI SDLC | G66: 300
D67: Suma TL.2 | H67: =SUM(G64:G66)
A69: TL.2.1 | B69: Analiza | C69: TL.2.1 - Instrukcje AI do Review Analizy vs. źródłami regulatorów: KNF / UE (przyśpiesza, nie zwalnia analityka z odpowiedzialności) | D69: Sekcja
C70: AI automatycznie weryfikuje analizę pod kątem zgodności z regulacjami KNF/UE, przyspieszając pracę analityka, który zachowuje pełną odpowiedzialność za decyzje. | D70: Opis
D71: Przekazanie knowhow | F71: knowhow | G71: 1250
D72: Przygotowanie instrukcji AI do review analizy względem źródeł regulatorów KNF i UE | F72: AI SDLC | G72: 1250
D73: Review prac po stronie | F73: AI SDLC | G73: 0
D74: Suma TL.2.1 | H74: =SUM(G71:G73)
A76: TL.3 | B76: Analiza | C76: TL.3 - Instrukcje AI do generowania wstępnych diagramów BPMN / UML (edytowalnych, bez integracji z Enterprise Architect) | D76: Sekcja
C77: Po napisaniu opisu zmian AI generuje wstępne diagramy BPMN/UML, które analityk może edytować lub iterować z AI. Skraca to czas tworzenia dokumentacji procesowej. | D77: Opis
D78: Przekazanie knowhow | F78: knowhow | G78: 500
D79: Dostosowanie instrukcji AI do generowania wstępnych diagramów BPMN i UML | F79: AI SDLC | G79: 900
D80: Review prac po stronie | F80: AI SDLC | G80: 0
D81: Suma TL.3 | H81: =SUM(G78:G80)
A83: TL.4 | B83: Analiza | C83: TL.4 - Instrukcje/narzędzia dla AI do generowania wstępnego (low fidelity) UI / UX. (bez integracji z Enterprise Architect) | D83: Sekcja
C84: AI generuje wstępny (low fidelity) UI/UX na podstawie opisu zmian, co pozwala szybko zwizualizować proponowane rozwiązanie przed rozpoczęciem implementacji. | D84: Opis
D85: Przekazanie knowhow | F85: knowhow | G85: 500
D86: Dostosowanie instrukcji i narzędzi AI do generowania wstępnego UI i UX | F86: AI SDLC | G86: 400
D87: Review prac po stronie | F87: AI SDLC | G87: 0
D88: Suma TL.4 | H88: =SUM(G85:G87)
A90: TL.5 | B90: Analiza | C90: TL.5 - Instrukcja dla AI proponowania scenariusze w oparciu o analizę (ui, validacje, reguły, przykłady danych) (forma dla człowieka) | D90: Sekcja
C91: AI proponuje scenariusze testowe czytelne dla człowieka na podstawie analizy - UI, validacje, reguły, przykłady danych. Analitycy otrzymują gotowy draft do akceptacji przed przekazaniem do testów. | D91: Opis
D92: Przekazanie knowhow | F92: knowhow | G92: 500
D93: Dostosowanie instrukcji AI do proponowania scenariuszy na podstawie analizy | F93: AI SDLC | G93: 300
D94: Review prac po stronie | F94: AI SDLC | G94: 225
D95: Suma TL.5 | H95: =SUM(G92:G94)
A98: TL.29 | B98: Analiza | C98: TL.29 - Integracja z Enterprise Architect (XMI export lub baza sqlserver lub Sparx Pro Cloud Service) | D98: Sekcja
C99: Eksportujemy EA do formy przyjaznej AI (markdown + obrazy + indeks), aby wiedza dziedzinowa była wyszukiwalna. Raport impactu na zawartość Enterprise Architect. | D99: Opis
D100: Przekazanie knowhow | F100: knowhow | G100: 900
D101: Integracja z Enterprise Architect | F101: AI SDLC | G101: 1250
D102: Review prac po stronie | F102: AI SDLC | G102: 0
D103: Suma TL.29 | H103: =SUM(G100:G102)
A105: TL.30 | B105: Analiza | C105: TL.30 - Sformułowanie zmian w Projekcie (dokumentacja analityczna) w speckę dla AI | D105: Sekcja
C106: Dokumentacja analityczna jest automatycznie przekształcana w specyfikację dla AI, która rozumie kontekst biznesowy i może generować kod zgodny z intencją. | D106: Opis
D107: Przekazanie knowhow | F107: knowhow | G107: 1250
D108: Przekształcenie dokumentacji analitycznej w specyfikację dla AI | F108: AI SDLC | G108: 2000
D109: Review prac po stronie | F109: AI SDLC | G109: 500
D110: Suma TL.30 | H110: =SUM(G107:G109)
A112: TL.6 [Development] | B112: Development | C112: TL.6 [Development] - Reverse Engineering mapowania funkcjonalność na kod / architekturę (funkcjonalność -> UI -> Beans -> baza danych) | D112: Sekcja
C113: AI mapuje funkcjonalność na kod i architekturę (UI → Beans → baza danych), pozwalając developerom szybko zrozumieć, gdzie dokonać zmian i jakie będą tego konsekwencje. | D113: Opis
D114: Przekazanie knowhow | F114: knowhow | G114: 800
D115: Wykonanie reverse engineering mapowania funkcjonalności na kod i architekturę | F115: AI SDLC | G115: 800
D116: Review prac po stronie | F116: AI SDLC | G116: 600
D117: Suma TL.6 [Development] | H117: =SUM(G114:G116)
A119: TL.9 | B119: Development | C119: TL.9 - Integracja AI z bazą oracle (readonly), analiza modelu, odpytywanie o przykładowe dane (dowolne dopuszczone środowisko np: testowe) | D119: Sekcja
...

Sheet Refactor Capital Markets
A1: Technologiczna restrukturyzacja
A2: BU: | B2: Capital Markets
A4: Kod | B4: Obszar | C4: Tytul / opis | D4: Pozycja kosztowa | F4: Typ do podsumowania | G4: Cena netto [PLN] | H4: Suma | I4: Value proposition
A5: REF.RE.1 | B5: Rekomendacje | C5: REF.RE.1 - Plan migracji technologicznej + wycena etapowa | D5: Sekcja | I5: Klient: realny plan migracji z etapami i wyceną zamiast estymacji w ciemno.
C6: Wspolne budowanie roadmapy migracji (etapy, ryzyka, zaleznosci) z szablonem estymacji etapowej. Klient dostaje realny plan i kosztorys zamiast estymacji w ciemno. Wsad: IK.7, REF.8, TL.K2.1. Wymagania: inwentarz modulow i zaleznosci oraz wstepne dane o uzyciu funkcjonalnosci, udzial lidera technicznego i wlascicieli kluczowych obszarow systemu. Forma: warsztat roadmapy + iteracyjne doprecyzowanie etapow, ryzyk i zaleznosci oraz wspolne review estymacji etapowej po kazdej iteracji. | D6: Opis
D7: Przekazanie narzedzi | F7: narzedzia | G7: 0
D8: Przekazanie knowhow | F8: knowhow | G8: 0
D9: Warsztat roadmapy migracji i przygotowanie wyceny etapowej | F9: Refactor | G9: 2500
D10: Review prac po stronie | F10: Refactor | G10: 0
D11: Suma REF.RE.1 | H11: =SUM(G7:G10)
A14: REF.1 | B14: CI/CD i build | C14: REF.1 - Standaryzacja CI/CD na Jenkinsfile | D14: Sekcja | I14: Developer + AI: jeden znajomy flow CI/CD dla wszystkich repozytoriów.
C15: Wzorcowy Jenkinsfile (build / test / scan / package / deploy) + biblioteka shared steps. Rollout na kluczowe repo, zeby zespol i agenty AI mialy jeden znajomy flow. Wymagania: dostep do repozytoriow i aktualnych pipelineow Jenkins. Forma: pair programming na 1 wzorcowym pipeline, potem rollout na kolejne kluczowe repozytoria. | D15: Opis
D16: Przekazanie narzedzi | F16: narzedzia | G16: 0
D17: Przekazanie knowhow | F17: knowhow | G17: 1000
D18: Wykonanie wzorcowego Jenkinsfile i shared steps dla pilota | F18: Refactor | G18: 5000
D19: Review prac po stronie | F19: Refactor | G19: 0
D20: Suma REF.1 | H20: =SUM(G16:G19)
A22: REF.2 | B22: CI/CD i build | C22: REF.2 - Uporzadkowanie builda Ant -> Maven/Gradle (dla kluczowych modulow) | D22: Sekcja | I22: Developer: szybsze buildy, dependency management, security scanning.
C23: Konwersja heterogenicznego buildu na standardowy: szybsze buildy, latwiejsze utrzymanie, dzialaja dependency-management i security scanning out-of-the-box. Wymagania: wskazany modul pilotazowy oparty o Ant, dzialajace srodowisko buildowe i testowe dla pilota, TL.K2.8. Forma: praca wlasna na pilocie, knowledge transfer pair programming, review po stronie i rollout po walidacji wzorca. | D23: Opis
D24: Przekazanie narzedzi | F24: narzedzia | G24: 2500
D25: Przekazanie knowhow | F25: knowhow | G25: 0
D26: Migracja builda Ant -> Maven/Gradle dla modulu pilotazowego | F26: Refactor | G26: 15000
D27: Review prac po stronie | F27: Refactor | G27: 1000
D28: Suma REF.2 | H28: =SUM(G24:G27)
A30: REF.3 | B30: Deploy i release | C30: REF.3 - Automatyzacja deploy QA + eliminacja waskiego gardla | D30: Sekcja | I30: Developer: self-service deploy, rollback. Koniec wąskiego gardła.
C31: Self-service deploy na QA z pipelineu (jeden klik + API dla agenta), rollback, runbook. Eliminacja waskiego gardla tylko X potrafi wgrac release. Wymagania: dostep do srodowiska QA oraz uprawnienia do deploy/rollback, uzgodniony runbook procesu release. Forma: pair programming na 1 aplikacji / module, praca wlasna gdy wymagana, standaryzacja i rollout dla kolejnych aplikacji / modulow. | D31: Opis
D32: Przekazanie narzedzi | F32: narzedzia | G32: 0
D33: Przekazanie knowhow | F33: knowhow | G33: 0
D34: Automatyzacja deploy QA i rollback dla pilota | F34: Refactor | G34: 2500
D35: Review prac po stronie | F35: Refactor | G35: 0
D36: Suma REF.3 | H36: =SUM(G32:G35)
A38: REF.4 | B38: Deploy i release | C38: REF.4 - Ujednolicenie zarzadzania artefaktami release | D38: Sekcja | I38: Tech lead: w każdej chwili wiadomo co i kiedy trafiło na środowisko.
C39: Nexus / Artifactory (lub spojny katalog z wersjonowaniem i retention). W kazdej chwili wiadomo co i kiedy trafilo na srodowisko / do klienta. Zaleznosc: REF.1. Wymagania: decyzja o docelowym repo artefaktow oraz uzgodniona polityka wersjonowania i retencji. Forma: wdrozenie polityki artefaktow dla pilota i rozszerzenie standardu na wszystkie releasey. | D39: Opis
D40: Przekazanie narzedzi | F40: narzedzia
D41: Przekazanie knowhow | F41: knowhow | G41: 500
D42: Ujednolicenie repo artefaktow i polityki wersjonowania | F42: Refactor | G42: 2000
D43: Review prac po stronie | F43: Refactor | G43: 0
D44: Suma REF.4 | H44: =SUM(G40:G43)
A46: REF.5 | B46: Deploy i release | C46: REF.5 - Automatyzacja iOS build/release (dedykowany Mac worker + Fastlane) | D46: Sekcja | I46: iOS developer: build i podpisywanie w pipeline. Koniec ręcznych obejść.
C47: Mac jako Jenkins agent, certyfikaty/profile przez Fastlane, build i podpisywanie w pipeline. Koniec recznych obejsc z kontami i uprawnieniami. Wymagania: sprzet Mac oraz konto Apple Developer. Forma: konfiguracja Mac workera + Fastlane na jednym pipeline iOS, knowledge transfer pair programming, walidacja podpisywania i publikacji, nastepnie rollout. | D47: Opis
D48: Przekazanie narzedzi | F48: narzedzia | G48: 0
D49: Przekazanie knowhow | F49: knowhow | G49: 1000
D50: Konfiguracja Mac workera i Fastlane dla pipeline iOS | F50: Refactor | G50: 3000
D51: Review prac po stronie | F51: Refactor | G51: 500
D52: Suma REF.5 | H52: =SUM(G48:G51)
A54: REF.6 | B54: Security gates (infrastructure) | C54: REF.6 - Fortify (lub odpowiednik) + Dependency-Track w Jenkinsfile z gatingiem | D54: Sekcja | I54: Security: stałe skany SAST/SCA jako warunki blokujące w pipeline.
C55: Stale skany SAST/SCA jako warunki blokujace w pipeline; jednolity format raportu; jasna odpowiedzialnosc za naprawy. Pilot na jednym repo, potem rollout. Warstwa AI: TL.K2.15. Wymagania: dostep do Fortify (lub odpowiednik) i Dependency-Track oraz ustalone progi gatingu, przypisani wlasciciele napraw dla wykrytych podatnosci. Forma: pilot na jednym repozytorium, knowledge transfer pair programming, rollout po kalibracji progow. | D55: Opis
D56: Przekazanie narzedzi | F56: narzedzia | G56: 0
D57: Przekazanie knowhow | F57: knowhow | G57: 0
D58: Wlaczenie Fortify/Dependency-Track z gatingiem na pilocie | F58: Refactor | G58: 2500
D59: Review prac po stronie | F59: Refactor | G59: 0
D60: Suma REF.6 | H60: =SUM(G56:G59)
A62: REF.7 | B62: Observability | C62: REF.7 - OpenTelemetry + agregacja logow | D62: Sekcja
C63: Instrumentacja OTel (traces + metryki) + backend agregacyjny (Tempo/Loki/Prometheus lub Datadog). Szybsze RCA, regresje wychodza od razu po wdrozeniach. Warstwa AI: TL.K2.17. Wymagania: decyzja o backendzie obserwowalnosci oraz dostep do uslug pilotazowych i logow aplikacyjnych. Forma: instrumentacja pilota + dashboardy i alerty bazowe, knowledge transfer pair programming, stopniowy rollout na kolejne moduly. | D63: Opis
D64: Przekazanie narzedzi | F64: narzedzia | G64: 0
D65: Przekazanie knowhow | F65: knowhow | G65: 0
D66: Instrumentacja OpenTelemetry + dashboardy dla pilota | F66: Refactor | G66: 2500
D67: Review prac po stronie | F67: Refactor | G67: 500
D68: Suma REF.7 | H68: =SUM(G64:G67)
A70: REF.8 | B70: Observability | C70: REF.8 - Audyt martwego kodu i funkcji przed migracja (opcjonalne) | D70: Sekcja
C71: Zestawienie danych z uzycia produkcji z mapa funkcji, zeby zredukowac scope migracji o realnie nieuzywane elementy. Wejscie do REF.RE.1. Audyt mozna zrealizowac przez parsowanie istniejacych logow, minimalna celowa instrumentacje oraz docelowo przez pelna telemetrie. Wymagania: dostep do istniejacych logow produkcyjnych i audytowych (z anonimizacja, offline) oraz mapa funkcjonalnosci biznesowych. Forma: identyfikacja zrodel i mapowania, realizacja etapow 1 i 2 jako wejscie do decyzji migracyjnych, warsztat omawiajacy, usuniecie kodu martwego, przejscie na ciagly audyt po wdrozeniu REF.7. | D71: Opis
D72: Przekazanie narzedzi | F72: narzedzia | G72: 1000
D73: Przekazanie knowhow | F73: knowhow | G73: 0
D74: Realizacja audytu martwego kodu i usuniecie nieuzywanych elementow | F74: Refactor | G74: 4000
D75: Review prac po stronie | F75: Refactor | G75: 0
D76: Suma REF.8 | H76: =SUM(G72:G75)
A78: REF.16 | B78: Observability - minimalna wersja pod audyt | C78: REF.16 - Lekka instrumentacja uzycia funkcjonalnosci (bridge miedzy REF.8 a REF.7) | D78: Sekcja
C79: Waskie sondy w warstwach wejscia aplikacji (servlet filter / AOP interceptor / event UI), zapisujace fakt uzycia danej funkcjonalnosci do osobnej tabeli / pliku, z mapowaniem na warstwe biznesowa. Cel: zebrac twarde dane co realnie jest uzywane w 1-3 miesiace bez czekania na pelny rollout REF.7. Wymagania: wskazane punkty wejscia aplikacji do sondowania oraz uzgodnione mapowanie zdarzen technicznych na funkcjonalnosc biznesowa. Forma: wdrozenie lekkiej instrumentacji na pilocie, gromadzenie danych / obserwacja 1-3 miesiace, wspolne review wynikow. | D79: Opis
D80: Przekazanie narzedzi | F80: narzedzia | G80: 0
D81: Przekazanie knowhow | F81: knowhow | G81: 0
D82: Wdrozenie lekkiej instrumentacji uzycia funkcjonalnosci | F82: Refactor | G82: 2000
D83: Review prac po stronie | F83: Refactor | G83: 500
D84: Suma REF.16 | H84: =SUM(G80:G83)
A86: REF.9 | B86: Baza danych | C86: REF.9 - Wprowadzenie narzedzia do wersjonowania zmian w bazie (Flyway lub Liquibase) | D86: Sekcja
C87: Zastapienie wewnetrznego narzedzia do instalacji skryptow DB standardowym Flywayem / Liquibasem: wersjonowane migracje w repo, deterministyczne odtworzenie schematu, integracja z pipelineem deployu (REF.3) i z release artefaktem (REF.4). Wymagania: dostep do aktualnych skryptow DB i historii wdrozen, decyzja Flyway vs Liquibase oraz standard nazewnictwa migracji. Forma: jednorazowy baseline istniejacego schematu, knowledge transfer pair programming, warsztat omawiajacy. | D87: Opis
D88: Przekazanie narzedzi | F88: narzedzia | G88: 0
D89: Przekazanie knowhow | F89: knowhow | G89: 500
D90: Wprowadzenie Flyway/Liquibase z baseline istniejacego schematu | F90: Refactor | G90: 2500
D91: Review prac po stronie | F91: Refactor | G91: 0
D92: Suma REF.9 | H92: =SUM(G88:G91)
A94: REF.10 | B94: Upgrade stosu technologicznego | C94: REF.10 - Upgrade serwera aplikacyjnego (Wildfly / JBoss EAP) | D94: Sekcja
C95: Podniesienie obecnego Wildfly do nowszej wersji LTS / JBoss EAP, zeby odblokowac nowsze wersje Javy, EJB i bibliotek. Warunek wstepny dla REF.11. Wymagania: decyzja odnosnie docelowego serwera lub opcji, srodowisko testowe z mozliwoscia rownoleglego uruchomienia nowej wersji serwera, lista modulow / konektorow o podwyzszonym ryzyku kompatybilnosci. Forma: pilot na jednej aplikacji, walidacja kompatybilnosci przez pair programming i QA , etapowy rollout kolejnych aplikacji. | D95: Opis
D96: Przekazanie narzedzi | F96: narzedzia | G96: 0
D97: Przekazanie knowhow | F97: knowhow | G97: 0
D98: Upgrade serwera aplikacyjnego na aplikacji pilotazowej | F98: Refactor | G98: 5000
D99: Review prac po stronie | F99: Refactor | G99: 500
D100: Suma REF.10 | H100: =SUM(G96:G99)
A102: REF.11 | B102: Upgrade stosu technologicznego | C102: REF.11 - Migracja EJB 2 -> EJB 3.x (lub wyjscie z EJB) | D102: Sekcja
C103: Aktualizacja modelu komponentowego. EJB 2 jest deprecated i blokuje upgrade serwera oraz nowszych standardow. Alternatywnie: ocena czy w danych modulach EJB jest jeszcze potrzebne, czy mozna przejsc na CDI / lekki kontener. Wymagania: inwentarz komponentow EJB 2 i zaleznosci miedzy modulami oraz uzgodnione kryteria wyboru migracja do EJB 3.x vs wyjscie do CDI. Forma: pilot konwersji na wybranym obszarze, pair programming review, rollout po walidacji wzorca. | D103: Opis
D104: Przekazanie narzedzi | F104: narzedzia | G104: 1000
D105: Przekazanie knowhow | F105: knowhow | G105: 0
D106: Migracja EJB 2 na obszarze pilotazowym | F106: Refactor | G106: 5000
D107: Review prac po stronie | F107: Refactor | G107: 0
D108: Suma REF.11 | H108: =SUM(G104:G107)
A110: REF.12 | B110: CI/CD - kontynuacja | C110: REF.12 - Unifikacja i upgrade Jenkinsa (jedna wersja LTS dla wszystkich pipelineow) | D110: Sekcja
C111: Obecnie monolit korzysta ze starszego Jenkinsa, a nowsze serwisy dzialaja na nowszym. Ujednolicenie wersji + aktualizacja plugins do LTS, zeby standardowy Jenkinsfile (REF.1) faktycznie dzialal wszedzie tak samo, a agenty AI mialy jeden interfejs. Wymagania: inwentarz instancji Jenkins i pluginow, plan kompatybilnosci pluginow i backup konfiguracji. Forma: etapowa unifikacja do jednej wersji LTS oraz walidacja pipelineow po migracji kazdej instancji. | D111: Opis
D112: Przekazanie narzedzi | F112: narzedzia | G112: 0
D113: Przekazanie knowhow | F113: knowhow | G113: 0
D114: Unifikacja Jenkinsa do jednej wersji LTS | F114: Refactor | G114: 1500
D115: Review prac po stronie | F115: Refactor | G115: 500
...

Sheet Narzędzia
A1: Narzędzia AI SDLC z przekazaniem Know-How
A4: Kod | B4: Obszar | C4: Tytul / opis | D4: Pozycja kosztowa | F4: Typ do podsumowania | G4: Cena netto [PLN] | H4: Suma | I4: Value proposition
A5: RE.1 | B5: Know-how i rekomendacje | C5: RE.1 - Rekomendacje odnośnie narzędzi AI (korzystających z dostępnych subskrypcji Github Copilot, Codex, Copilot 360), z uwzględnieniem pracy człowieka z AI oraz integracji AI z CI. | D5: Sekcja | I5: Rekomendacje narzędzi AI dopasowane do istniejących subskrypcji i infrastruktury.
D6: Przekazanie Rekomendacji | F6: knowhow | G6: 2500
A7: IK.1 | B7: IK (Internal Knowledge) | C7: IK.1 - Skonsolidowana dokumentacja funkcji systemu (aktualnych wersji) dla AI | D7: Sekcja | I7: Narzędzie do konsolidacji dokumentacji funkcji systemu dla AI.
D8: Przekazanie narzedzi | F8: narzedzia | G8: 750
A9: IK.2 | B9: IK (Internal Knowledge) | C9: IK.2 - Baza wiedzy mapująca funkcjonalność na kod / architekturę (funkcjonalność -> UI -> Beans -> baza danych) | D9: Sekcja | I9: Narzędzie mapowania funkcjonalności na kod i architekturę.
D10: Przekazanie narzedzi | F10: narzedzia | G10: 750
A11: IK.3 | B11: IK (Internal Knowledge) | C11: IK.3 - Heurystyczne szacowanie pracochłonności (w oparciu o wartości eksperckie) | D11: Sekcja | I11: Narzędzie heurystycznego szacowania pracochłonności.
D12: Przekazanie narzedzi | F12: narzedzia | G12: 300
A13: IK.4 | B13: IK (Internal Knowledge) | C13: IK.4 - Skonsolidowana dokumentacja architektury frontendu optymalna dla AI | D13: Sekcja | I13: Narzędzie dokumentacji architektury frontendu dla AI.
D14: Przekazanie narzedzi | F14: narzedzia | G14: 1250
A15: IK.5 | B15: IK (Internal Knowledge) | C15: IK.5 - Skonsolidowana dokumentacja architektury backendu optymalna dla AI | D15: Sekcja | I15: Narzędzie dokumentacji architektury backendu dla AI.
D16: Przekazanie narzedzi | F16: narzedzia | G16: 1250
A17: IK.7 | B17: IK (Internal Knowledge) | C17: IK.7 - Implementacja obecnie brakujących scenariuszy e2e (pracochłonne dla wszystkich) | D17: Sekcja | I17: Narzędzie implementacji scenariuszy e2e.
D18: Przekazanie narzedzi | F18: narzedzia | G18: 0
A19: EK.1 | B19: EK (External Knowledge) | C19: EK.1 - Instrukcje AI dla pracy ze źródłami regulatorów: KNF / UE | D19: Sekcja | I19: Narzędzie AI do pracy ze źródłami regulatorów KNF/UE.
D20: Przekazanie narzedzi | F20: narzedzia | G20: 0
A21: TL.1 | B21: Analiza | C21: TL.1 - Przygotowanie narzędzi dla AI dedykowanych dla Analityków (UI z dostępem do baz wiedzy i tooli, podobnie jak dla developerów) | D21: Sekcja | I21: Środowisko AI dla analityków.
D22: Przekazanie narzedzi | F22: narzedzia | G22: 2500
A23: TL.2 | B23: Analiza | C23: TL.2 - Instrukcje AI do Review Analizy (Gap analysis / Spike Analysis, brakujące elementy, zasady jakościowe, definition of ready) | D23: Sekcja | I23: Instrukcje AI do gap analysis i spike analysis.
D24: Przekazanie narzedzi | F24: narzedzia | G24: 1250
A25: TL.2.1 | B25: Analiza | C25: TL.2.1 - Instrukcje AI do Review Analizy vs. źródłami regulatorów: KNF / UE (przyśpiesza, nie zwalnia analityka z odpowiedzialności) | D25: Sekcja | I25: Instrukcje AI do review analizy vs KNF/UE.
D26: Przekazanie narzedzi | F26: narzedzia | G26: 0
A27: TL.3 | B27: Analiza | C27: TL.3 - Instrukcje AI do generowania wstępnych diagramów BPMN / UML (edytowalnych, bez integracji z Enterprise Architect) | D27: Sekcja | I27: Generowanie diagramów BPMN/UML z AI.
D28: Przekazanie narzedzi | F28: narzedzia | G28: 1000
A29: TL.4 | B29: Analiza | C29: TL.4 - Instrukcje/narzędzia dla AI do generowania wstępnego (low fidelity) UI / UX. (bez integracji z Enterprise Architect) | D29: Sekcja | I29: Generowanie UI/UX low fidelity z AI.
D30: Przekazanie narzedzi | F30: narzedzia | G30: 1250
A31: TL.5 | B31: Analiza | C31: TL.5 - Instrukcja dla AI proponowania scenariuszy w oparciu o analizę (ui, validacje, reguły, przykłady danych) (forma dla człowieka) | D31: Sekcja | I31: AI proponuje scenariusze testowe z analizy.
D32: Przekazanie narzedzi | F32: narzedzia | G32: 1250
A33: TL.29 | B33: Analiza | C33: TL.29 - Integracja z Enterprise Architect (XMI export lub baza sqlserver lub Sparx Pro Cloud Service) | D33: Sekcja | I33: Integracja z Enterprise Architect.
D34: Przekazanie narzedzi | F34: narzedzia | G34: 2000
A35: TL.30 | B35: Analiza | C35: TL.30 - Sformułowanie zmian w Projekcie (dokumentacja analityczna) w speckę dla AI | D35: Sekcja | I35: Formatowanie specyfikacji dla AI.
D36: Przekazanie narzedzi | F36: narzedzia
A37: TL.6 [Development] | B37: Development | C37: TL.6 [Development] - Reverse Engineering mapowania funkcjonalność na kod / architekturę (funkcjonalność -> UI -> Beans -> baza danych) | D37: Sekcja
D38: Przekazanie narzedzi | F38: narzedzia | G38: 1800
A39: TL.9 | B39: Development | C39: TL.9 - Integracja AI z bazą oracle (readonly), analiza modelu, odpytywanie o przykładowe dane (dowolne dopuszczone środowisko np: testowe) | D39: Sekcja | I39: AI odpyta bazę Oracle (readonly).
D40: Przekazanie narzedzi | F40: narzedzia | G40: 800
A41: TL.10 | B41: Development | C41: TL.10 - Reverse Engineering zasad architektonicznych | D41: Sekcja | I41: Reverse engineering zasad architektonicznych.
D42: Przekazanie narzedzi | F42: narzedzia | G42: 1800
A43: TL.13 | B43: Development | C43: TL.13 - AI może robić hot swap kodu / uruchomienie / re deploy + wgląd w logi (tak jak dziś developer) | D43: Sekcja | I43: AI robi hot swap, redeploy, podgląda logi.
D44: Przekazanie narzedzi | F44: narzedzia | G44: 1000
A45: TL.14 | B45: Development | C45: TL.14 - AI może uruchomić pipeline z Jenkins + wgląd w logi | D45: Sekcja | I45: AI uruchamia pipeline Jenkins.
D46: Przekazanie narzedzi | F46: narzedzia | G46: 1125
A47: TL.31 | B47: Development | C47: TL.31 - AI lokalny troubleshooting (wgląd w logi, bazę, instrukcje co sprawdzać po kolei) | D47: Sekcja | I47: AI lokalny troubleshooting.
D48: Przekazanie narzedzi | F48: narzedzia | G48: 1125
A49: TL.32 | B49: Development | C49: TL.32 - Tool dla AI do interakcji z remote beans (wywoływanie requestów przez agenta na środowisku dev dla smoke test / troubleshooting) | D49: Sekcja | I49: AI wywołuje remote beans dla smoke testów.
D50: Przekazanie narzedzi | F50: narzedzia | G50: 1125
A51: TL.11 | B51: Review kodu | C51: TL.11 - Instrukcje oceniające zmiany / Review zbiorcze w pipeline (wszystkie skile "AI Review ..." + narzędzia deterministyczne + publikacja do review tool) | D51: Sekcja | I51: Automatyczne zbiorcze review w pipeline.
D52: Przekazanie narzedzi | F52: narzedzia | G52: 1000
A53: TL.15 | B53: Review kodu | C53: TL.15 - AI Review potential bugs (przyrostowe sprawdzenie w nowym kodzie) | D53: Sekcja | I53: Przyrostowe wykrywanie potencjalnych bugów.
D54: Przekazanie narzedzi | F54: narzedzia | G54: 750
A55: TL.16 | B55: Review kodu | C55: TL.16 - AI Review architektury (przyrostowe sprawdzenie w nowym kodzie) | D55: Sekcja | I55: Przyrostowe sprawdzenie zgodności z architekturą.
D56: Przekazanie narzedzi | F56: narzedzia | G56: 1000
A57: TL.17 | B57: Review kodu | C57: TL.17 - AI Review complexity check (przyrostowe sprawdzenie w nowym kodzie) | D57: Sekcja | I57: Przyrostowa kontrola złożoności kodu.
D58: Przekazanie narzedzi | F58: narzedzia | G58: 1000
A59: TL.18 | B59: Review kodu | C59: TL.18 - AI Review implementacja vs specyfikacja | D59: Sekcja | I59: Sprawdzenie czy kod realizuje specyfikację.
D60: Przekazanie narzedzi | F60: narzedzia | G60: 900
A61: TL.21 | B61: Review kodu | C61: TL.21 - AI Review security (blackbox - SAST) | D61: Sekcja
D62: Przekazanie narzedzi | F62: narzedzia | G62: 1250
A63: TL.22 | B63: Review kodu | C63: TL.22 - Integracja z review tool (ex. BitBucket) | D63: Sekcja
D64: Przekazanie narzedzi | F64: narzedzia | G64: 0
A65: TL.28 | B65: Review kodu | C65: TL.28 - Instrukcje AI do Dokumentowania zmian w wersji po implementacji (na bazie analizy i kodu) (release notes na potrzeby AI) | D65: Sekcja
D66: Przekazanie narzedzi | F66: narzedzia | G66: 750
A67: TL.6 [Testy e2e] | B67: Testy e2e | C67: TL.6 [Testy e2e] - Instrukcja dla AI generująca scenariusze e2e w pseudokodzie (custom inhouse dsl) | D67: Sekcja
D68: Przekazanie narzedzi | F68: narzedzia | G68: 0
A69: TL.7 | B69: Testy e2e | C69: TL.7 - Instrukcja dla AI do efektywnego nawigowania po stronie i wybrania optymalnych selector-ów | D69: Sekcja
D70: Przekazanie narzedzi | F70: narzedzia | G70: 750
A71: TL.27 | B71: Testy e2e | C71: TL.27 - Tool do Zarządzanie Danymi testowymi i resetowalność e2e | D71: Sekcja
D72: Przekazanie narzedzi | F72: narzedzia | G72: 750
A73: TL.33 | B73: Integracje z Jira i Confluence on premis | C73: TL.33 - Integracja agenta z Go Jira on premis | D73: Sekcja
D74: Przekazanie narzedzi | F74: narzedzia | G74: 500
A75: TL.23 | B75: Integracje z Jira i Confluence on premis | C75: TL.23 - Triage issues w Jira (nice to have) | D75: Sekcja
D76: Przekazanie narzedzi | F76: narzedzia | G76: 750
A77: TL.24 | B77: Integracje z Jira i Confluence on premis | C77: TL.24 - Find duplicates w Jira (nice to have, best effort dla on-premis) | D77: Sekcja
D78: Przekazanie narzedzi | F78: narzedzia | G78: 750
A79: TL.25 | B79: Integracje z Jira i Confluence on premis | C79: TL.25 - Szukanie w Confluence (best effort dla on-premis) | D79: Sekcja
D80: Przekazanie narzedzi | F80: narzedzia | G80: 750
A81: TL.26 | B81: Integracje z Jira i Confluence on premis | C81: TL.26 - Aktualizacja artykułu w Confluence (nice to have) | D81: Sekcja
D82: Przekazanie narzedzi | F82: narzedzia | G82: 0
A83: TL.12 | B83: Excel → XML (jednorazowe) | C83: TL.12 - Jednorazowa migracja i walidacja parametryzacji (Excel -> XML) | D83: Sekcja
D84: Przekazanie narzedzi | F84: narzedzia | G84: 0
F86: Suma wszystkiego | G86: =SUM(G5:G84)
F88: Przekazanie narzedzi (suma) | H88: =SUMIFS(G5:G84,F5:F84,"narzedzia")
F89: Przekazanie knowhow (suma) | H89: =SUMIFS(G5:G84,F5:F84,"knowhow")
